{"cameraMode":{"drawMode":0,"name":"Shaded","section":"Shading Mode"},"sceneLighting":false,"audioPlay":false,"sceneViewState":{"showFog":true,"showMaterialUpdate":false,"showSkybox":false,"showFlares":true,"showImageEffects":true,"showParticleSystems":true},"in2DMode":false,"pivot":{"x":407.9178466796875,"y":251.05845642089845,"z":268.0552978515625},"rotation":{"x":0.019525663927197458,"y":-0.5811923146247864,"z":0.013951273635029793,"w":0.8134132623672485},"size":602.1602172851563,"orthographic":false}